{
  "project_info": {
    "project_number": "582471375053",
    "project_id": "travelactivity-c6f4a",
    "storage_bucket": "travelactivity-c6f4a.appspot.com"
  },
  "client": [
    {
      "client_info": {
        "mobilesdk_app_id": "1:582471375053:android:bd0a672b07c7497f38f184",
        "android_client_info": {
          "package_name": "com.example.myproject"
        }
      },
      "oauth_client": [],
      "api_key": [
        {
          "current_key": "AIzaSyDlXJcdivaF9-7VVs6mD9p36ljkZv89nlQ"
        }
      ],
      "services": {
        "appinvite_service": {
          "other_platform_oauth_client": []
        }
      }
    }
  ],
  "configuration_version": "1"
}